id,username,email,password,bio,avatar_url,created_at,updated_at
1,Manuel São Bento,manuel_s_o_bento@example.com,Str0ngP@ssw0rd!2025,,user.png,2025-12-28T10:58:35.663463,2025-12-28T10:58:35.663463
2,Khushdave,khushdave@example.com,Str0ngP@ssw0rd!2025,,user.png,2025-12-28T10:58:35.663463,2025-12-28T10:58:35.663463
3,Dean,dean@example.com,Str0ngP@ssw0rd!2025,,user.png,2025-12-28T10:58:35.663463,2025-12-28T10:58:35.663463
4,Dave,dave@example.com,Str0ngP@ssw0rd!2025,,user.png,2025-12-28T10:58:35.663463,2025-12-28T10:58:35.663463
5,MovieGuys,movieguys@example.com,Str0ngP@ssw0rd!2025,,user.png,2025-12-28T10:58:35.663463,2025-12-28T10:58:35.663463
6,CinemaSerf,cinemaserf@example.com,Str0ngP@ssw0rd!2025,,user.png,2025-12-28T10:58:35.663463,2025-12-28T10:58:35.663463
7,wellfailed,wellfailed@example.com,Str0ngP@ssw0rd!2025,,user.png,2025-12-28T10:58:35.663463,2025-12-28T10:58:35.663463
8,HaremCinema,haremcinema@example.com,Str0ngP@ssw0rd!2025,,user.png,2025-12-28T10:58:35.663463,2025-12-28T10:58:35.663463
9,BryanGreyson,bryangreyson@example.com,Str0ngP@ssw0rd!2025,,user.png,2025-12-28T10:58:35.663463,2025-12-28T10:58:35.663463
10,JPV852,jpv852@example.com,Str0ngP@ssw0rd!2025,,user.png,2025-12-28T10:58:35.663463,2025-12-28T10:58:35.663463
11,Microcosmic,microcosmic@example.com,Str0ngP@ssw0rd!2025,,user.png,2025-12-28T10:58:35.663463,2025-12-28T10:58:35.663463
12,oynx,oynx@example.com,Str0ngP@ssw0rd!2025,,user.png,2025-12-28T10:58:35.663463,2025-12-28T10:58:35.663463
13,r96sk,r96sk@example.com,Str0ngP@ssw0rd!2025,,user.png,2025-12-28T10:58:35.663463,2025-12-28T10:58:35.663463
14,Chandler Danier,chandler_danier@example.com,Str0ngP@ssw0rd!2025,,user.png,2025-12-28T10:58:35.663463,2025-12-28T10:58:35.663463
15,kevin2019,kevin2019@example.com,Str0ngP@ssw0rd!2025,,user.png,2025-12-28T10:58:35.663463,2025-12-28T10:58:35.663463
16,misubisu,misubisu@example.com,Str0ngP@ssw0rd!2025,,user.png,2025-12-28T10:58:35.663463,2025-12-28T10:58:35.663463
17,PROREVIEW.FR,proreview_fr@example.com,Str0ngP@ssw0rd!2025,,user.png,2025-12-28T10:58:35.663463,2025-12-28T10:58:35.663463
18,MontyTG,montytg@example.com,Str0ngP@ssw0rd!2025,,user.png,2025-12-28T10:58:35.663463,2025-12-28T10:58:35.663463
19,LegendGamerXZ,legendgamerxz@example.com,Str0ngP@ssw0rd!2025,,user.png,2025-12-28T10:58:35.663463,2025-12-28T10:58:35.663463
20,IMDB,imdb@example.com,Str0ngP@ssw0rd!2025,,user.png,2025-12-28T10:58:35.663463,2025-12-28T10:58:35.663463
21,ezra,ezra@example.com,Str0ngP@ssw0rd!2025,,user.png,2025-12-28T10:58:35.663463,2025-12-28T10:58:35.663463
22,Brent Marchant,brent_marchant@example.com,Str0ngP@ssw0rd!2025,,user.png,2025-12-28T10:58:35.663463,2025-12-28T10:58:35.663463
23,Johan,johan@example.com,Str0ngP@ssw0rd!2025,,user.png,2025-12-28T10:58:35.663463,2025-12-28T10:58:35.663463
24,Paka_Kariya,paka_kariya@example.com,Str0ngP@ssw0rd!2025,,user.png,2025-12-28T10:58:35.663463,2025-12-28T10:58:35.663463
25,Arek Zasowski,arek_zasowski@example.com,Str0ngP@ssw0rd!2025,,user.png,2025-12-28T10:58:35.663463,2025-12-28T10:58:35.663463
26,caseymoviemania,caseymoviemania@example.com,Str0ngP@ssw0rd!2025,,user.png,2025-12-28T10:58:35.663463,2025-12-28T10:58:35.663463
27,rhodora,rhodora@example.com,Str0ngP@ssw0rd!2025,,user.png,2025-12-28T10:58:35.663463,2025-12-28T10:58:35.663463
28,Chris Sawin,chris_sawin@example.com,Str0ngP@ssw0rd!2025,,user.png,2025-12-28T10:58:35.663463,2025-12-28T10:58:35.663463
29,Muhammad Salman,muhammad_salman@example.com,Str0ngP@ssw0rd!2025,,user.png,2025-12-28T10:58:35.663463,2025-12-28T10:58:35.663463
30,The Movie Mob,the_movie_mob@example.com,Str0ngP@ssw0rd!2025,,user.png,2025-12-28T10:58:35.663463,2025-12-28T10:58:35.663463
31,tmdb45226627,tmdb45226627@example.com,Str0ngP@ssw0rd!2025,,user.png,2025-12-28T10:58:35.663463,2025-12-28T10:58:35.663463
32,TimeZone,timezone@example.com,Str0ngP@ssw0rd!2025,,user.png,2025-12-28T10:58:35.663463,2025-12-28T10:58:35.663463
33,strayndger,strayndger@example.com,Str0ngP@ssw0rd!2025,,user.png,2025-12-28T10:58:35.663463,2025-12-28T10:58:35.663463
34,Dragi Postolovski,dragi_postolovski@example.com,Str0ngP@ssw0rd!2025,,user.png,2025-12-28T10:58:35.663463,2025-12-28T10:58:35.663463
35,Nathan,nathan@example.com,Str0ngP@ssw0rd!2025,,user.png,2025-12-28T10:58:35.663463,2025-12-28T10:58:35.663463
36,Kay Cee,kay_cee@example.com,Str0ngP@ssw0rd!2025,,user.png,2025-12-28T10:58:35.663463,2025-12-28T10:58:35.663463
37,John Chard,john_chard@example.com,Str0ngP@ssw0rd!2025,,user.png,2025-12-28T10:58:35.663463,2025-12-28T10:58:35.663463
38,tomasfv,tomasfv@example.com,Str0ngP@ssw0rd!2025,,user.png,2025-12-28T10:58:35.663463,2025-12-28T10:58:35.663463
39,Yuva_Kumar,yuva_kumar@example.com,Str0ngP@ssw0rd!2025,,user.png,2025-12-28T10:58:35.663463,2025-12-28T10:58:35.663463
40,jw,jw@example.com,Str0ngP@ssw0rd!2025,,user.png,2025-12-28T10:58:35.663463,2025-12-28T10:58:35.663463
41,pithawg,pithawg@example.com,Str0ngP@ssw0rd!2025,,user.png,2025-12-28T10:58:35.663463,2025-12-28T10:58:35.663463
42,Jenny,jenny@example.com,Str0ngP@ssw0rd!2025,,user.png,2025-12-28T10:58:35.663463,2025-12-28T10:58:35.663463
43,dumasori,dumasori@example.com,Str0ngP@ssw0rd!2025,,user.png,2025-12-28T10:58:35.663463,2025-12-28T10:58:35.663463
44,Nick,nick@example.com,Str0ngP@ssw0rd!2025,,user.png,2025-12-28T10:58:35.663463,2025-12-28T10:58:35.663463
45,wu66chen,wu66chen@example.com,Str0ngP@ssw0rd!2025,,user.png,2025-12-28T10:58:35.663463,2025-12-28T10:58:35.663463
46,tmdb90329212,tmdb90329212@example.com,Str0ngP@ssw0rd!2025,,user.png,2025-12-28T10:58:35.663463,2025-12-28T10:58:35.663463
47,solstafir7,solstafir7@example.com,Str0ngP@ssw0rd!2025,,user.png,2025-12-28T10:58:35.663463,2025-12-28T10:58:35.663463
48,rssp55,rssp55@example.com,Str0ngP@ssw0rd!2025,,user.png,2025-12-28T10:58:35.663463,2025-12-28T10:58:35.663463
49,patient1,patient1@example.com,Str0ngP@ssw0rd!2025,,user.png,2025-12-28T10:58:35.663463,2025-12-28T10:58:35.663463
50,Bri,bri@example.com,Str0ngP@ssw0rd!2025,,user.png,2025-12-28T10:58:35.663463,2025-12-28T10:58:35.663463
51,DosAnjos,dosanjos@example.com,Str0ngP@ssw0rd!2025,,user.png,2025-12-28T10:58:35.663463,2025-12-28T10:58:35.663463
52,gvasil,gvasil@example.com,Str0ngP@ssw0rd!2025,,user.png,2025-12-28T10:58:35.663463,2025-12-28T10:58:35.663463
53,tender_buttkiss,tender_buttkiss@example.com,Str0ngP@ssw0rd!2025,,user.png,2025-12-28T10:58:35.663463,2025-12-28T10:58:35.663463
54,Henry | The Reel Verdict,henry___the_reel_verdict@example.com,Str0ngP@ssw0rd!2025,,user.png,2025-12-28T10:58:35.663463,2025-12-28T10:58:35.663463
55,drewwash,drewwash@example.com,Str0ngP@ssw0rd!2025,,user.png,2025-12-28T10:58:35.663463,2025-12-28T10:58:35.663463
56,Andres Gomez,andres_gomez@example.com,Str0ngP@ssw0rd!2025,,user.png,2025-12-28T10:58:35.663463,2025-12-28T10:58:35.663463
57,Reno,reno@example.com,Str0ngP@ssw0rd!2025,,user.png,2025-12-28T10:58:35.663463,2025-12-28T10:58:35.663463
58,whatowatch,whatowatch@example.com,Str0ngP@ssw0rd!2025,,user.png,2025-12-28T10:58:35.663463,2025-12-28T10:58:35.663463
59,Austin Singleton,austin_singleton@example.com,Str0ngP@ssw0rd!2025,,user.png,2025-12-28T10:58:35.663463,2025-12-28T10:58:35.663463
60,Gimly,gimly@example.com,Str0ngP@ssw0rd!2025,,user.png,2025-12-28T10:58:35.663463,2025-12-28T10:58:35.663463
61,Per Gunnar Jonsson,per_gunnar_jonsson@example.com,Str0ngP@ssw0rd!2025,,user.png,2025-12-28T10:58:35.663463,2025-12-28T10:58:35.663463
62,mattwilde123,mattwilde123@example.com,Str0ngP@ssw0rd!2025,,user.png,2025-12-28T10:58:35.663463,2025-12-28T10:58:35.663463
63,Neeraj,neeraj@example.com,Str0ngP@ssw0rd!2025,,user.png,2025-12-28T10:58:35.663463,2025-12-28T10:58:35.663463
64,ahmedaiman99,ahmedaiman99@example.com,Str0ngP@ssw0rd!2025,,user.png,2025-12-28T10:58:35.663463,2025-12-28T10:58:35.663463
65,AbsoluteTube,absolutetube@example.com,Str0ngP@ssw0rd!2025,,user.png,2025-12-28T10:58:35.663463,2025-12-28T10:58:35.663463
66,Sejian,sejian@example.com,Str0ngP@ssw0rd!2025,,user.png,2025-12-28T10:58:35.663463,2025-12-28T10:58:35.663463
67,MustachedMovieMan,mustachedmovieman@example.com,Str0ngP@ssw0rd!2025,,user.png,2025-12-28T10:58:35.663463,2025-12-28T10:58:35.663463
68,Simon Foster,simon_foster@example.com,Str0ngP@ssw0rd!2025,,user.png,2025-12-28T10:58:35.663463,2025-12-28T10:58:35.663463
69,Nay Myo Myat Ko,nay_myo_myat_ko@example.com,Str0ngP@ssw0rd!2025,,user.png,2025-12-28T10:58:35.663463,2025-12-28T10:58:35.663463
70,Rythwik,rythwik@example.com,Str0ngP@ssw0rd!2025,,user.png,2025-12-28T10:58:35.663463,2025-12-28T10:58:35.663463
71,Frank Ochieng,frank_ochieng@example.com,Str0ngP@ssw0rd!2025,,user.png,2025-12-28T10:58:35.663787,2025-12-28T10:58:35.663787
72,accioconnor,accioconnor@example.com,Str0ngP@ssw0rd!2025,,user.png,2025-12-28T10:58:35.663787,2025-12-28T10:58:35.663787
73,tmdb21730811,tmdb21730811@example.com,Str0ngP@ssw0rd!2025,,user.png,2025-12-28T10:58:35.663787,2025-12-28T10:58:35.663787
74,Andre Gonzales,andre_gonzales@example.com,Str0ngP@ssw0rd!2025,,user.png,2025-12-28T10:58:35.663787,2025-12-28T10:58:35.663787
75,jeremiah,jeremiah@example.com,Str0ngP@ssw0rd!2025,,user.png,2025-12-28T10:58:35.663787,2025-12-28T10:58:35.663787
76,MovieDudeFiend56214,moviedudefiend56214@example.com,Str0ngP@ssw0rd!2025,,user.png,2025-12-28T10:58:35.663787,2025-12-28T10:58:35.663787
77,Ravi,ravi@example.com,Str0ngP@ssw0rd!2025,,user.png,2025-12-28T10:58:35.663787,2025-12-28T10:58:35.663787
78,amarendra,amarendra@example.com,Str0ngP@ssw0rd!2025,,user.png,2025-12-28T10:58:35.663787,2025-12-28T10:58:35.663787
79,Dhanjee Rider,dhanjee_rider@example.com,Str0ngP@ssw0rd!2025,,user.png,2025-12-28T10:58:35.663787,2025-12-28T10:58:35.663787
80,jackmeat,jackmeat@example.com,Str0ngP@ssw0rd!2025,,user.png,2025-12-28T10:58:35.663787,2025-12-28T10:58:35.663787
81,Florence Jay Munar,florence_jay_munar@example.com,Str0ngP@ssw0rd!2025,,user.png,2025-12-28T10:58:35.663787,2025-12-28T10:58:35.663787
82,SWITCH.,switch_@example.com,Str0ngP@ssw0rd!2025,,user.png,2025-12-28T10:58:35.663787,2025-12-28T10:58:35.663787
83,Rodney Wollam,rodney_wollam@example.com,Str0ngP@ssw0rd!2025,,user.png,2025-12-28T10:58:35.663787,2025-12-28T10:58:35.663787
84,Matthew Brady,matthew_brady@example.com,Str0ngP@ssw0rd!2025,,user.png,2025-12-28T10:58:35.663787,2025-12-28T10:58:35.663787
85,GenerationofSwine,generationofswine@example.com,Str0ngP@ssw0rd!2025,,user.png,2025-12-28T10:58:35.663787,2025-12-28T10:58:35.663787
86,abednegojs,abednegojs@example.com,Str0ngP@ssw0rd!2025,,user.png,2025-12-28T10:58:35.663787,2025-12-28T10:58:35.663787
87,Louisa Moore - Screen Zealots,louisa_moore___screen_zealots@example.com,Str0ngP@ssw0rd!2025,,user.png,2025-12-28T10:58:35.663787,2025-12-28T10:58:35.663787
88,bloucks,bloucks@example.com,Str0ngP@ssw0rd!2025,,user.png,2025-12-28T10:58:35.663787,2025-12-28T10:58:35.663787
89,tmdb87069603,tmdb87069603@example.com,Str0ngP@ssw0rd!2025,,user.png,2025-12-28T10:58:35.663787,2025-12-28T10:58:35.663787
90,tmdb44006625,tmdb44006625@example.com,Str0ngP@ssw0rd!2025,,user.png,2025-12-28T10:58:35.663787,2025-12-28T10:58:35.663787
91,E.J. Cummings,e_j__cummings@example.com,Str0ngP@ssw0rd!2025,,user.png,2025-12-28T10:58:35.663787,2025-12-28T10:58:35.663787
92,Justin Lopez,justin_lopez@example.com,Str0ngP@ssw0rd!2025,,user.png,2025-12-28T10:58:35.663787,2025-12-28T10:58:35.663787
93,LoganWright,loganwright@example.com,Str0ngP@ssw0rd!2025,,user.png,2025-12-28T10:58:35.663787,2025-12-28T10:58:35.663787
94,BradleyStewart,bradleystewart@example.com,Str0ngP@ssw0rd!2025,,user.png,2025-12-28T10:58:35.663787,2025-12-28T10:58:35.663787
95,Jane Hall,jane_hall@example.com,Str0ngP@ssw0rd!2025,,user.png,2025-12-28T10:58:35.663787,2025-12-28T10:58:35.663787
96,Kamurai,kamurai@example.com,Str0ngP@ssw0rd!2025,,user.png,2025-12-28T10:58:35.663787,2025-12-28T10:58:35.663787
97,Peter89Spencer,peter89spencer@example.com,Str0ngP@ssw0rd!2025,,user.png,2025-12-28T10:58:35.663787,2025-12-28T10:58:35.663787
98,Courtney,courtney@example.com,Str0ngP@ssw0rd!2025,,user.png,2025-12-28T10:58:35.663787,2025-12-28T10:58:35.663787
99,Filipe Manuel Neto,filipe_manuel_neto@example.com,Str0ngP@ssw0rd!2025,,user.png,2025-12-28T10:58:35.663787,2025-12-28T10:58:35.663787
100,tmdb14343666,tmdb14343666@example.com,Str0ngP@ssw0rd!2025,,user.png,2025-12-28T10:58:35.663787,2025-12-28T10:58:35.663787
101,CrazyJekyll,crazyjekyll@example.com,Str0ngP@ssw0rd!2025,,user.png,2025-12-28T10:58:35.663787,2025-12-28T10:58:35.663787
102,decovision,decovision@example.com,Str0ngP@ssw0rd!2025,,user.png,2025-12-28T10:58:35.663787,2025-12-28T10:58:35.663787
103,Asadullah Khan,asadullah_khan@example.com,Str0ngP@ssw0rd!2025,,user.png,2025-12-28T10:58:35.663787,2025-12-28T10:58:35.663787
104,shaunfrombklyn,shaunfrombklyn@example.com,Str0ngP@ssw0rd!2025,,user.png,2025-12-28T10:58:35.663787,2025-12-28T10:58:35.663787
105,akashmahajan,akashmahajan@example.com,Str0ngP@ssw0rd!2025,,user.png,2025-12-28T10:58:35.663787,2025-12-28T10:58:35.663787
106,sybddlatfu,sybddlatfu@example.com,Str0ngP@ssw0rd!2025,,user.png,2025-12-28T10:58:35.663787,2025-12-28T10:58:35.663787
107,Peter McGinn,peter_mcginn@example.com,Str0ngP@ssw0rd!2025,,user.png,2025-12-28T10:58:35.663787,2025-12-28T10:58:35.663787
108,griggs79,griggs79@example.com,Str0ngP@ssw0rd!2025,,user.png,2025-12-28T10:58:35.663787,2025-12-28T10:58:35.663787
109,omarallahham,omarallahham@example.com,Str0ngP@ssw0rd!2025,,user.png,2025-12-28T10:58:35.663787,2025-12-28T10:58:35.663787
110,broadwaylottoentries,broadwaylottoentries@example.com,Str0ngP@ssw0rd!2025,,user.png,2025-12-28T10:58:35.663787,2025-12-28T10:58:35.663787
111,elshaarawy,elshaarawy@example.com,Str0ngP@ssw0rd!2025,,user.png,2025-12-28T10:58:35.663787,2025-12-28T10:58:35.663787
112,tmdb73913433,tmdb73913433@example.com,Str0ngP@ssw0rd!2025,,user.png,2025-12-28T10:58:35.663787,2025-12-28T10:58:35.663787
113,thommo_nz,thommo_nz@example.com,Str0ngP@ssw0rd!2025,,user.png,2025-12-28T10:58:35.663787,2025-12-28T10:58:35.663787
114,Andrew Gentry,andrew_gentry@example.com,Str0ngP@ssw0rd!2025,,user.png,2025-12-28T10:58:35.663787,2025-12-28T10:58:35.663787
115,Matthew Dixon,matthew_dixon@example.com,Str0ngP@ssw0rd!2025,,user.png,2025-12-28T10:58:35.663787,2025-12-28T10:58:35.663787
116,LƛȤƛƦꪡƬƑ,l_______@example.com,Str0ngP@ssw0rd!2025,,user.png,2025-12-28T10:58:35.663787,2025-12-28T10:58:35.663787
117,drystyx,drystyx@example.com,Str0ngP@ssw0rd!2025,,user.png,2025-12-28T10:58:35.663787,2025-12-28T10:58:35.663787
118,Sanjeev0805,sanjeev0805@example.com,Str0ngP@ssw0rd!2025,,user.png,2025-12-28T10:58:35.663787,2025-12-28T10:58:35.663787
119,Repo Jack,repo_jack@example.com,Str0ngP@ssw0rd!2025,,user.png,2025-12-28T10:58:35.663787,2025-12-28T10:58:35.663787
120,Zugifilmofil,zugifilmofil@example.com,Str0ngP@ssw0rd!2025,,user.png,2025-12-28T10:58:35.663787,2025-12-28T10:58:35.663787
121,badelf,badelf@example.com,Str0ngP@ssw0rd!2025,,user.png,2025-12-28T10:58:35.663787,2025-12-28T10:58:35.663787
122,BornKnight,bornknight@example.com,Str0ngP@ssw0rd!2025,,user.png,2025-12-28T10:58:35.663787,2025-12-28T10:58:35.663787
123,Tourma,tourma@example.com,Str0ngP@ssw0rd!2025,,user.png,2025-12-28T10:58:35.663787,2025-12-28T10:58:35.663787
124,futuretv,futuretv@example.com,Str0ngP@ssw0rd!2025,,user.png,2025-12-28T10:58:35.663787,2025-12-28T10:58:35.663787
125,crastana,crastana@example.com,Str0ngP@ssw0rd!2025,,user.png,2025-12-28T10:58:35.663787,2025-12-28T10:58:35.663787
126,Surya,surya@example.com,Str0ngP@ssw0rd!2025,,user.png,2025-12-28T10:58:35.663787,2025-12-28T10:58:35.663787
127,RalphRahal,ralphrahal@example.com,Str0ngP@ssw0rd!2025,,user.png,2025-12-28T10:58:35.663787,2025-12-28T10:58:35.663787
128,Anthony,anthony@example.com,Str0ngP@ssw0rd!2025,,user.png,2025-12-28T10:58:35.663787,2025-12-28T10:58:35.663787
129,sandros,sandros@example.com,Str0ngP@ssw0rd!2025,,user.png,2025-12-28T10:58:35.663787,2025-12-28T10:58:35.663787
130,Horseface,horseface@example.com,Str0ngP@ssw0rd!2025,,user.png,2025-12-28T10:58:35.663787,2025-12-28T10:58:35.663787
131,Noah Hart,noah_hart@example.com,Str0ngP@ssw0rd!2025,,user.png,2025-12-28T10:58:35.663787,2025-12-28T10:58:35.663787
132,λรђเรђ,______@example.com,Str0ngP@ssw0rd!2025,,user.png,2025-12-28T10:58:35.663787,2025-12-28T10:58:35.663787
133,SyedLord,syedlord@example.com,Str0ngP@ssw0rd!2025,,user.png,2025-12-28T10:58:35.663787,2025-12-28T10:58:35.663787
134,Manga11111111,manga11111111@example.com,Str0ngP@ssw0rd!2025,,user.png,2025-12-28T10:58:35.663787,2025-12-28T10:58:35.663787
135,Mitchell Bulfin,mitchell_bulfin@example.com,Str0ngP@ssw0rd!2025,,user.png,2025-12-28T10:58:35.663787,2025-12-28T10:58:35.663787
136,hOLYE,holye@example.com,Str0ngP@ssw0rd!2025,,user.png,2025-12-28T10:58:35.663787,2025-12-28T10:58:35.663787
137,tmdb92312096,tmdb92312096@example.com,Str0ngP@ssw0rd!2025,,user.png,2025-12-28T10:58:35.663787,2025-12-28T10:58:35.663787
138,FrontrunnerParis,frontrunnerparis@example.com,Str0ngP@ssw0rd!2025,,user.png,2025-12-28T10:58:35.663787,2025-12-28T10:58:35.663787
139,ohlalipop,ohlalipop@example.com,Str0ngP@ssw0rd!2025,,user.png,2025-12-28T10:58:35.663787,2025-12-28T10:58:35.663787
140,Varya,varya@example.com,Str0ngP@ssw0rd!2025,,user.png,2025-12-28T10:58:35.663787,2025-12-28T10:58:35.663787
141,Roomiqbal,roomiqbal@example.com,Str0ngP@ssw0rd!2025,,user.png,2025-12-28T10:58:35.663787,2025-12-28T10:58:35.663787
142,Rohit Kabdwal,rohit_kabdwal@example.com,Str0ngP@ssw0rd!2025,,user.png,2025-12-28T10:58:35.663787,2025-12-28T10:58:35.663787
143,bradley,bradley@example.com,Str0ngP@ssw0rd!2025,,user.png,2025-12-28T10:58:35.663787,2025-12-28T10:58:35.663787
144,biancarockr,biancarockr@example.com,Str0ngP@ssw0rd!2025,,user.png,2025-12-28T10:58:35.663787,2025-12-28T10:58:35.663787
145,cooldude1983,cooldude1983@example.com,Str0ngP@ssw0rd!2025,,user.png,2025-12-28T10:58:35.663787,2025-12-28T10:58:35.663787
146,tmdb47940942,tmdb47940942@example.com,Str0ngP@ssw0rd!2025,,user.png,2025-12-28T10:58:35.663787,2025-12-28T10:58:35.663787
147,ViolettSmith,violettsmith@example.com,Str0ngP@ssw0rd!2025,,user.png,2025-12-28T10:58:35.663787,2025-12-28T10:58:35.663787
